ID,Row,Column,Plate
B14,1,1,1
N978,1,2,1
B26,1,3,1
N987,1,4,1
B42,1,5,1
N990,1,6,1
B53,1,7,1
S7,1,8,1
B54,1,9,1
13,1,10,1
Kp017,1,11,1
14,1,12,1
MKPU058,1,13,1
MKPU285,1,14,1
H150,1,15,1
MKPU128,1,16,1
H152,1,17,1
31,1,18,1
H159,1,19,1
32,1,20,1
H225,1,21,1
36,1,22,1
H246,1,23,1
40,1,24,1
RKPB096,2,1,1
RKPB313,2,2,1
RKPB097,2,3,1
RKPB314,2,4,1
RKPB099,2,5,1
RKPB315,2,6,1
MKPR014,2,7,1
RKPB316,2,8,1
RKPB101,2,9,1
RKPB317,2,10,1
RKPB102,2,11,1
RKPB298,2,12,1
RKPB103,2,13,1
RKPB297,2,14,1
RKPB558,2,15,1
RKPB296,2,16,1
RKPB086,2,17,1
RKPB300,2,18,1
RKPB087,2,19,1
RKPB301,2,20,1
RKPB088,2,21,1
RKPB303,2,22,1
RKPB089,2,23,1
RKPB304,2,24,1
H249,3,1,1
6,3,2,1
H251,3,3,1
7,3,4,1
H257,3,5,1
9,3,6,1
H262,3,7,1
R235,3,8,1
H264,3,9,1
R238,3,10,1
HA-107,3,11,1
R1020,3,12,1
MKPU062,3,13,1
R1300,3,14,1
HA-126,3,15,1
R848,3,16,1
HA127,3,17,1
N594,3,18,1
HA-3,3,19,1
N1101,3,20,1
HA61,3,21,1
N1145,3,22,1
HA94,3,23,1
R69,3,24,1
RKPB090,4,1,1
RKPB305,4,2,1
RKPB091,4,3,1
RKPB307,4,4,1
RKPB092,4,5,1
RKPB280,4,6,1
RKPB094,4,7,1
RKPU180,4,8,1
RKPB095,4,9,1
RKPB282,4,10,1
RKPB076,4,11,1
RKPB283,4,12,1
MKP103,4,13,1
RKPB286,4,14,1
MKPR015,4,15,1
RKPB287,4,16,1
RKPB080,4,17,1
RKPB290,4,18,1
RKPB081,4,19,1
RKPB292,4,20,1
RKPB082,4,21,1
HKPU090,4,22,1
RKPB083,4,23,1
RKPB254,4,24,1
J1093,5,1,1
T95,5,2,1
J1141,5,3,1
N889,5,4,1
J13,5,5,1
N643,5,6,1
J14,5,7,1
MKP103,5,8,1
J140,5,9,1
N30,5,10,1
J151,5,11,1
Q103,5,12,1
J180,5,13,1
Q109,5,14,1
J22,5,15,1
Q203,5,16,1
J245,5,17,1
Q204,5,18,1
J261,5,19,1
Q214,5,20,1
J267,5,21,1
Q97,5,22,1
J27,5,23,1
Q119,5,24,1
RKPB084,6,1,1
RKPB255,6,2,1
RKPB085,6,3,1
RKPB256,6,4,1
RKPB062,6,5,1
RKPB257,6,6,1
RKPB067,6,7,1
RKPB258,6,8,1
RKPB068,6,9,1
RKPB259,6,10,1
RKPB070,6,11,1
MKPR020,6,12,1
RKPB071,6,13,1
MKPR021,6,14,1
RKPB072,6,15,1
RKPB279,6,16,1
RKPB073,6,17,1
RKPB217,6,18,1
RKPB556,6,19,1
RKPB218,6,20,1
RKPB075,6,21,1
RKPB219,6,22,1
MKP103,6,23,1
RKPB220,6,24,1
J270,7,1,1
MKPU138,7,2,1
J3,7,3,1
Q137,7,4,1
J324,7,5,1
N1153,7,6,1
J427,7,7,1
T29,7,8,1
J436,7,9,1
R121,7,10,1
Kp038,7,11,1
T93,7,12,1
J491,7,13,1
T152,7,14,1
J51,7,15,1
T153,7,16,1
J52,7,17,1
T183,7,18,1
J550,7,19,1
DKPU111,7,20,1
J59,7,21,1
T96,7,22,1
J592,7,23,1
R1024,7,24,1
RKPB053,8,1,1
RKPB222,8,2,1
RKPB054,8,3,1
RKPB223,8,4,1
RKPB055,8,5,1
RKPB224,8,6,1
RKPB056,8,7,1
HKPU057,8,8,1
RKPB057,8,9,1
HKPU088,8,10,1
RKPB059,8,11,1
HKPU027,8,12,1
RKPB060,8,13,1
RKPB206,8,14,1
RKPB061,8,15,1
RKPB207,8,16,1
RKPB557,8,17,1
RKPR126,8,18,1
RKPB042,8,19,1
RKPB209,8,20,1
RKPB043,8,21,1
RKPB211,8,22,1
RKPB044,8,23,1
RKPB214,8,24,1
J60,9,1,1
R1298,9,2,1
J61,9,3,1
R120,9,4,1
J755,9,5,1
T97,9,6,1
HKPB55,9,7,1
MKPR038,9,8,1
J788,9,9,1
TK123,9,10,1
J798,9,11,1
T94,9,12,1
J82,9,13,1
Q166,9,14,1
J841,9,15,1
N1148,9,16,1
J876,9,17,1
N70,9,18,1
J878,9,19,1
R1251,9,20,1
J890,9,21,1
N1030,9,22,1
J907,9,23,1
N769,9,24,1
RKPB046,10,1,1
RKPB215,10,2,1
RKPB047,10,3,1
RKPR127,10,4,1
RKPB049,10,5,1
RKPB876,10,6,1
RKPB050,10,7,1
RKPB875,10,8,1
RKPB051,10,9,1
RKPB877,10,10,1
RKPB029,10,11,1
RKPB878,10,12,1
RKPB030,10,13,1
RKPB879,10,14,1
RKPB033,10,15,1
RKPB880,10,16,1
RKPB034,10,17,1
RKPB881,10,18,1
RKPB035,10,19,1
RKPB888,10,20,1
RKPB036,10,21,1
RKPB841,10,22,1
RKPB037,10,23,1
RKPB842,10,24,1
J911,11,1,1
MKPU119,11,2,1
M1128,11,3,1
N841,11,4,1
M1146,11,5,1
N1027,11,6,1
HKPB57,11,7,1
N1132,11,8,1
Kp04_s,11,9,1
R123,11,10,1
M1191,11,11,1
M1139,11,12,1
M120,11,13,1
M87,11,14,1
M1336,11,15,1
R374,11,16,1
M1345,11,17,1
R860,11,18,1
M1353,11,19,1
R1185,11,20,1
MKP103,11,21,1
R1356,11,22,1
M213,11,23,1
R1161,11,24,1
RKPB038,12,1,1
RKPB844,12,2,1
RKPB039,12,3,1
RKPB863,12,4,1
RKPB016,12,5,1
RKPB865,12,6,1
RKPB017,12,7,1
RKPB866,12,8,1
MKP103,12,9,1
RKPB867,12,10,1
RKPB019,12,11,1
RKPB868,12,12,1
RKPB022,12,13,1
RKPR128,12,14,1
RKPB023,12,15,1
RKPB814,12,16,1
RKPB024,12,17,1
RKPB815,12,18,1
RKPB025,12,19,1
RKPB816,12,20,1
RKPB027,12,21,1
RKPB817,12,22,1
RKPB001,12,23,1
MKPU201,12,24,1
M221,13,1,1
M31,13,2,1
M254,13,3,1
J242,13,4,1
M269,13,5,1
R70,13,6,1
M278,13,7,1
M824,13,8,1
M471,13,9,1
M462,13,10,1
M478,13,11,1
M495,13,12,1
Kp051,13,13,1
J819,13,14,1
M504,13,15,1
J70,13,16,1
Kp064,13,17,1
J181,13,18,1
M558,13,19,1
J197,13,20,1
RKPB284,13,21,1
R408,13,22,1
N25,13,23,1
R1350,13,24,1
RKPB002,14,1,1
RKPB820,14,2,1
RKPB004,14,3,1
RKPB821,14,4,1
RKPB006,14,5,1
RKPB822,14,6,1
RKPB007,14,7,1
RKPB840,14,8,1
RKPB009,14,9,1
RKPB513,14,10,1
MKPB263,14,11,1
RKPB803,14,12,1
RKPB011,14,13,1
RKPB804,14,14,1
RKPB014,14,15,1
RKPB805,14,16,1
RKPB193,14,17,1
RKPB806,14,18,1
RKPB194,14,19,1
RKPB808,14,20,1
RKPB195,14,21,1
RKPB811,14,22,1
RKPB560,14,23,1
MKPU203,14,24,1
M615,15,1,1
J62,15,2,1
M825,15,3,1
JZ68,15,4,1
M873,15,5,1
JZ82,15,6,1
M891,15,7,1
Tb72,15,8,1
M905,15,9,1
MKPR017,15,10,1
M936,15,11,1
J220,15,12,1
MK75,15,13,1
J333,15,14,1
N1029,15,15,1
J561,15,16,1
N1049,15,17,1
J814,15,18,1
N1050,15,19,1
M203,15,20,1
N1072,15,21,1
3,15,22,1
N1079,15,23,1
19,15,24,1
RKPB561,16,1,1
RKPR130,16,2,1
RKPB201,16,3,1
RKPB463,16,4,1
RKPB202,16,5,1
RKPB464,16,6,1
RKPB203,16,7,1
RKPB465,16,8,1
RKPB204,16,9,1
RKPB466,16,10,1
RKPB180,16,11,1
RKPB467,16,12,1
RKPB181,16,13,1
RKPB468,16,14,1
MKPB267,16,15,1
RKPB510,16,16,1
RKPB183,16,17,1
RKPB511,16,18,1
RKPB184,16,19,1
RKPB512,16,20,1
RKPB562,16,21,1
RKPB453,16,22,1
RKPB187,16,23,1
RKPR131,16,24,1
N169,1,1,2
M85,1,2,2
N425,1,3,2
M861,1,4,2
N495,1,5,2
M853,1,6,2
N619,1,7,2
MKP103,1,8,2
N627,1,9,2
J712,1,10,2
N685,1,11,2
J586,1,12,2
N78,1,13,2
J791,1,14,2
N81,1,15,2
J727,1,16,2
N846,1,17,2
M924,1,18,2
N887,1,19,2
JZ79,1,20,2
N888,1,21,2
J57,1,22,2
N895,1,23,2
J54,1,24,2
RKPB188,2,1,2
RKPR132,2,2,2
RKPB189,2,3,2
RKPB456,2,4,2
RKPB170,2,5,2
RKPB457,2,6,2
RKPB566,2,7,2
RKPB458,2,8,2
RKPB172,2,9,2
RKPB459,2,10,2
RKPB173,2,11,2
RKPB460,2,12,2
RKPB174,2,13,2
RKPB461,2,14,2
RKPB176,2,15,2
RKPB442,2,16,2
RKPB177,2,17,2
RKPB443,2,18,2
RKPB178,2,19,2
RKPB444,2,20,2
RKPB179,2,21,2
RKPB446,2,22,2
RKPB158,2,23,2
RKPB447,2,24,2
N977,3,1,2
J461,3,2,2
N982,3,3,2
J248,3,4,2
Q104,3,5,2
J693,3,6,2
Q16,3,7,2
J268,3,8,2
Q160,3,9,2
J235,3,10,2
Q161,3,11,2
R1165,3,12,2
Q181,3,13,2
TK149,3,14,2
Q202,3,15,2
R1369,3,16,2
Q33,3,17,2
R1352,3,18,2
Q35,3,19,2
M1109,3,20,2
Q64,3,21,2
M851,3,22,2
T197,3,23,2
M556,3,24,2
RKPR120,4,1,2
RKPB448,4,2,2
MKPU269,4,3,2
RKPB450,4,4,2
RKPB162,4,5,2
RKPB451,4,6,2
RKPB163,4,7,2
RKPB452,4,8,2
RKPB164,4,9,2
RKPB430,4,10,2
RKPB165,4,11,2
RKPB431,4,12,2
RKPB166,4,13,2
RKPB432,4,14,2
RKPB167,4,15,2
RKPB434,4,16,2
RKPR123,4,17,2
RKPB435,4,18,2
RKPB149,4,19,2
RKPB436,4,20,2
RKPB151,4,21,2
RKPB437,4,22,2
RKPB152,4,23,2
RKPB438,4,24,2
QF20,5,1,2
M538,5,2,2
QF22,5,3,2
M514,5,4,2
QF23,5,5,2
M290,5,6,2
QF24,5,7,2
MKP103,5,8,2
QF40,5,9,2
M88,5,10,2
R1011,5,11,2
JZ69,5,12,2
R1032,5,13,2
JZ36,5,14,2
DKPB003,5,15,2
JZ20,5,16,2
R1072,5,17,2
J818,5,18,2
R1076,5,19,2
J774,5,20,2
R119,5,21,2
J738,5,22,2
R128,5,23,2
J685,5,24,2
RKPB153,6,1,2
RKPB439,6,2,2
RKPB154,6,3,2
RKPB419,6,4,2
RKPB155,6,5,2
RKPB420,6,6,2
RKPB156,6,7,2
RKPB421,6,8,2
RKPB157,6,9,2
RKPB422,6,10,2
RKPB136,6,11,2
RKPB423,6,12,2
RKPB137,6,13,2
RKPB425,6,14,2
RKPB138,6,15,2
RKPB426,6,16,2
RKPB139,6,17,2
RKPB427,6,18,2
RKPB140,6,19,2
RKPB429,6,20,2
RKPB142,6,21,2
HKPU103,6,22,2
RKPB144,6,23,2
HKPU105,6,24,2
R224,7,1,2
J666,7,2,2
R234,7,3,2
J654,7,4,2
R240,7,5,2
J628,7,6,2
R241,7,7,2
J573,7,8,2
R272,7,9,2
J537,7,10,2
R273,7,11,2
J377,7,12,2
R275,7,13,2
J275,7,14,2
R276,7,15,2
J238,7,16,2
R290,7,17,2
J100,7,18,2
R291,7,19,2
J87,7,20,2
R292,7,21,2
HA-108,7,22,2
R293,7,23,2
HKPR016,7,24,2
RKPB146,8,1,2
RKPB917,8,2,2
RKPB147,8,3,2
RKPB966,8,4,2
RKPB125,8,5,2
RKPB991,8,6,2
RKPB126,8,7,2
MKPR030,8,8,2
RKPB127,8,9,2
RKPB960,8,10,2
RKPB129,8,11,2
RKPB962,8,12,2
RKPB130,8,13,2
RKPB961,8,14,2
RKPB131,8,15,2
RKPB914,8,16,2
RKPB132,8,17,2
MKPR042,8,18,2
RKPB134,8,19,2
MKPR012,8,20,2
RKPB135,8,21,2
MKPR013,8,22,2
RKPB116,8,23,2
MKPU083,8,24,2
R407,9,1,2
HKPR017,9,2,2
R409,9,3,2
R596,9,4,2
R424,9,5,2
R233,9,6,2
R493,9,7,2
R68,9,8,2
R55,9,9,2
MKPU130,9,10,2
R561,9,11,2
N1122,9,12,2
N824,9,13,2
N1104,9,14,2
R565,9,15,2
N1015,9,16,2
R567,9,17,2
N906,9,18,2
R571,9,19,2
MKPU131,9,20,2
R572,9,21,2
N675,9,22,2
R58,9,23,2
N665,9,24,2
RKPB117,10,1,2
MKPU135,10,2,2
RKPB118,10,3,2
JKPB619,10,4,2
RKPB119,10,5,2
MKPU047,10,6,2
RKPB120,10,7,2
RKPU087,10,8,2
RKPB121,10,9,2
HKPU002,10,10,2
RKPB122,10,11,2
MKPU122,10,12,2
RKPB124,10,13,2
MKPU126,10,14,2
RKPB123,10,15,2
MKPU127,10,16,2
RKPB106,10,17,2
DKPU074,10,18,2
RKPB107,10,19,2
DKPB001,10,20,2
RKPB108,10,21,2
RKPU185,10,22,2
RKPB109,10,23,2
MKP103,10,24,2
R588,11,1,2
N658,11,2,2
R595,11,3,2
HKPR019,11,4,2
R700,11,5,2
HKPR021,11,6,2
R804,11,7,2
Q38,11,8,2
Q136,11,9,2
HKPR022,11,10,2
S120,11,11,2
HKPR023,11,12,2
S130,11,13,2
HKPR024,11,14,2
S131,11,15,2
Q213,11,16,2
S140,11,17,2
MKPR281,11,18,2
S151,11,19,2
H226,11,20,2
S156,11,21,2
H268,11,22,2
S24,11,23,2
H302,11,24,2
RKPB110,12,1,2
25,12,2,2
RKPB111,12,3,2
RKPR012,12,4,2
RKPB112,12,5,2
DKPR004,12,6,2
RKPB113,12,7,2
DKPR005,12,8,2
RKPB115,12,9,2
DKPU021,12,10,2
RKPB410,12,11,2
HKPB11,12,12,2
RKPB411,12,13,2
HKPB58,12,14,2
RKPB412,12,15,2
HKPB59,12,16,2
RKPB413,12,17,2
MKPU143,12,18,2
RKPB414,12,19,2
RKPR009,12,20,2
MKP103,12,21,2
MKPU139,12,22,2
RKPB416,12,23,2
MKPU142,12,24,2
TK3,13,1,2
MKPR280,13,2,2
MKPU278,13,3,2
MKPR283,13,4,2
T157,13,5,2
S56,13,6,2
T4,13,7,2
S42,13,8,2
T40,13,9,2
S48,13,10,2
TK102,13,11,2
S54,13,12,2
TK115,13,13,2
S126,13,14,2
TK122,13,15,2
S158,13,16,2
TK35,13,17,2
N652,13,18,2
TK88,13,19,2
N695,13,20,2
TK93,13,21,2
N698,13,22,2
DKPB006,13,23,2
N1119,13,24,2
RKPR124,14,1,2
RKPU061,14,2,2
RKPR125,14,3,2
MKPU111,14,4,2
RKPB327,14,5,2
MKPU101,14,6,2
MKP103,14,7,2
MKPU102,14,8,2
RKPB401,14,9,2
RKPR071,14,10,2
RKPB403,14,11,2
HKPU109,14,12,2
RKPB404,14,13,2
RKPB521,14,14,2
RKPB406,14,15,2
RKPB522,14,16,2
RKPB407,14,17,2
HKPB401,14,18,2
RKPB408,14,19,2
JKPB622,14,20,2
RKPB409,14,21,2
RKPB523,14,22,2
RKPB318,14,23,2
R145,14,24,2
JZ17,15,1,2
R348,15,2,2
M1382,15,3,2
R1160,15,4,2
DKPU051,15,5,2
R1296,15,6,2
MKPR016,15,7,2
TK9,15,8,2
M945,15,9,2
TK119,15,10,2
R541,15,11,2
MKPU282,15,12,2
R713,15,13,2
HA-119,15,14,2
HA70,15,15,2
HA-138,15,16,2
J48,15,17,2
GR-50,15,18,2
N674,15,19,2
B61,15,20,2
N703,15,21,2
J76,15,22,2
N73,15,23,2
JZ19,15,24,2
RKPB319,16,1,2
JKPB629,16,2,2
RKPB320,16,3,2
JKPB632,16,4,2
RKPB321,16,5,2
RKPB524,16,6,2
RKPB322,16,7,2
R144,16,8,2
RKPB323,16,9,2
JKPB644,16,10,2
RKPB324,16,11,2
MKPB011,16,12,2
RKPB325,16,13,2
MKPR005,16,14,2
RKPB326,16,15,2
MKPR006,16,16,2
RKPB309,16,17,2
MKPR008,16,18,2
RKPB310,16,19,2
MKPR009,16,20,2
RKPB311,16,21,2
MKPR010,16,22,2
RKPB312,16,23,2
MKPR011,16,24,2
JZ21,1,1,3
153,1,2,3
JZ25,1,3,3
151,1,4,3
JZ33,1,5,3
148,1,6,3
JZ37,1,7,3
MKPU277,1,8,3
JZ42,1,9,3
140,1,10,3
JZ56,1,11,3
DKPU052,1,12,3
M1107,1,13,3
125,1,14,3
H399,1,15,3
124,1,16,3
H411,1,17,3
116,1,18,3
R3,1,19,3
195A,1,20,3
R311,1,21,3
194C,1,22,3
R313,1,23,3
133B,1,24,3
JKPB501,2,1,3
RKPR062,2,2,3
JKPB502,2,3,3
RKPR063,2,4,3
JKPB503,2,5,3
RKPR064,2,6,3
RKPR133,2,7,3
RKPR067,2,8,3
JKPB505,2,9,3
RKPR068,2,10,3
JKPB509,2,11,3
RKPR069,2,12,3
JKPB511,2,13,3
MKPB241,2,14,3
MKPU107,2,15,3
RKPR072,2,16,3
JKPB513,2,17,3
RKPR073,2,18,3
JKPB518,2,19,3
RKPR074,2,20,3
JKPB520,2,21,3
RKPR075,2,22,3
JKPB521,2,23,3
RKPR076,2,24,3
R314,3,1,3
124F,3,2,3
R317,3,3,3
113B,3,4,3
R347,3,5,3
206,3,6,3
T39,3,7,3
MKPU279,3,8,3
H133,3,9,3
213,3,10,3
H68,3,11,3
214,3,12,3
M549,3,13,3
217,3,14,3
M459,3,15,3
223,3,16,3
M552,3,17,3
225,3,18,3
M616,3,19,3
MKP103,3,20,3
Q53,3,21,3
234,3,22,3
M676,3,23,3
235,3,24,3
JKPB519,4,1,3
RKPR078,4,2,3
JKPB526,4,3,3
RKPR079,4,4,3
JKPB529,4,5,3
RKPR083,4,6,3
JKPB530,4,7,3
RKPR088,4,8,3
JKPB532,4,9,3
RKPR089,4,10,3
JKPB533,4,11,3
MKPB244,4,12,3
JKPB536,4,13,3
RKPU001,4,14,3
JKPB537,4,15,3
RKPU020,4,16,3
JKPB538,4,17,3
RKPU035,4,18,3
JKPB539,4,19,3
RKPU049,4,20,3
JKPB541,4,21,3
RKPU054,4,22,3
JKPB543,4,23,3
RKPU059,4,24,3
G3,5,1,3
240,5,2,3
Q54,5,3,3
247,5,4,3
R186,5,5,3
R146,5,6,3
R185,5,7,3
MKP103,5,8,3
N135,5,9,3
222A,5,10,3
N162,5,11,3
242F,5,12,3
N285,5,13,3
248,5,14,3
N242,5,15,3
303,5,16,3
N348,5,17,3
304,5,18,3
MKPR043,5,19,3
305,5,20,3
M351,5,21,3
HKPB56,5,22,3
HKPU022,5,23,3
309,5,24,3
RKPR134,6,1,3
MKPB245,6,2,3
JKPB546,6,3,3
MKPR222,6,4,3
JKPB547,6,5,3
MKPR224,6,6,3
JKPB548,6,7,3
MKPR228,6,8,3
JKPB549,6,9,3
MKPR230,6,10,3
JKPB600,6,11,3
MKPU060,6,12,3
JKPB601,6,13,3
RKPU109,6,14,3
JKPB602,6,15,3
RKPU110,6,16,3
JKPB603,6,17,3
RKPU115,6,18,3
JKPB604,6,19,3
RKPU120,6,20,3
JKPB605,6,21,3
RKPU125,6,22,3
JKPB606,6,23,3
RKPU132,6,24,3
M387,7,1,3
311,7,2,3
M397,7,3,3
RKPU086,7,4,3
Kp001,7,5,3
313,7,6,3
Kp002,7,7,3
314,7,8,3
Kp004,7,9,3
316,7,10,3
Kp006,7,11,3
318,7,12,3
Kp005,7,13,3
317,7,14,3
Kp007,7,15,3
319,7,16,3
Kp008,7,17,3
322,7,18,3
Kp009,7,19,3
323,7,20,3
Kp010,7,21,3
324,7,22,3
Kp013,7,23,3
325,7,24,3
JKPB607,8,1,3
RKPU141,8,2,3
JKPB608,8,3,3
RKPU156,8,4,3
MKPU108,8,5,3
RKPU159,8,6,3
JKPB610,8,7,3
RKPU161,8,8,3
JKPB611,8,9,3
RKPU162,8,10,3
JKPB612,8,11,3
RKPU166,8,12,3
JKPB613,8,13,3
RKPU176,8,14,3
JKPB614,8,15,3
RKPU179,8,16,3
JKPB528,8,17,3
RKPU181,8,18,3
JKPB531,8,19,3
MKPR246,8,20,3
JKPB550,8,21,3
RKPU186,8,22,3
JKPB551,8,23,3
RKPU187,8,24,3
Kp014,9,1,3
326,9,2,3
Kp016,9,3,3
MKP103,9,4,3
MKPU050,9,5,3
328,9,6,3
Kp019,9,7,3
329,9,8,3
Kp020,9,9,3
330,9,10,3
Kp022,9,11,3
331,9,12,3
Kp024,9,13,3
332,9,14,3
Kp029,9,15,3
335,9,16,3
Kp032,9,17,3
336,9,18,3
Kp033,9,19,3
339,9,20,3
Kp034,9,21,3
340,9,22,3
Kp035,9,23,3
341,9,24,3
JKPB552,10,1,3
RKPU206,10,2,3
JKPB554,10,3,3
RKPU253,10,4,3
JKPB553,10,5,3
DKPB002,10,6,3
RKPR135,10,7,3
DKPU005,10,8,3
MKPU034,10,9,3
DKPU006,10,10,3
JKPB527,10,11,3
DKPU016,10,12,3
JKPB540,10,13,3
DKPU020,10,14,3
JKPB542,10,15,3
DKPU025,10,16,3
JKPB524,10,17,3
DKPU094,10,18,3
JKPB525,10,19,3
HKPB014,10,20,3
JKPB517,10,21,3
HKPR001,10,22,3
JKPB507,10,23,3
HKPR012,10,24,3
Kp036,11,1,3
343,11,2,3
Kp037,11,3,3
345,11,4,3
MKPU064,11,5,3
349,11,6,3
Kp041,11,7,3
350,11,8,3
Kp042,11,9,3
352,11,10,3
Kp044,11,11,3
354,11,12,3
Kp045,11,13,3
361,11,14,3
Kp046,11,15,3
362,11,16,3
Kp047,11,17,3
363,11,18,3
Kp049,11,19,3
371,11,20,3
MKPU079,11,21,3
376,11,22,3
Kp052,11,23,3
378,11,24,3
HKPB415,12,1,3
MKPR024,12,2,3
HKPB08,12,3,3
HKPU010,12,4,3
HKPB100,12,5,3
HKPU012,12,6,3
HKPB101,12,7,3
MKPR025,12,8,3
HKPB102,12,9,3
HKPU016,12,10,3
HKPB103,12,11,3
HKPU017,12,12,3
HKPB104,12,13,3
HKPU026,12,14,3
HKPB105,12,15,3
MKPU028,12,16,3
HKPB200,12,17,3
HKPU030,12,18,3
RKPR136,12,19,3
HKPU031,12,20,3
HKPB202,12,21,3
HKPU033,12,22,3
HKPB203,12,23,3
HKPU034,12,24,3
Kp055,13,1,3
380,13,2,3
Kp056,13,3,3
390,13,4,3
Kp058,13,5,3
391,13,6,3
Kp059,13,7,3
393,13,8,3
Kp060,13,9,3
395,13,10,3
Kp062,13,11,3
396,13,12,3
Kp063,13,13,3
399,13,14,3
MKPU080,13,15,3
301B,13,16,3
MKPR276,13,17,3
RKPU105,13,18,3
Kp066,13,19,3
308,13,20,3
Kp067,13,21,3
320,13,22,3
Kp068,13,23,3
333,13,24,3
HKPB204,14,1,3
HKPU035,14,2,3
HKPB205,14,3,3
HKPU036,14,4,3
HKPB206,14,5,3
HKPU056,14,6,3
HKPB207,14,7,3
MKPU019,14,8,3
HKPB208,14,9,3
HKPU060,14,10,3
HKPB209,14,11,3
HKPU080,14,12,3
HKPB210,14,13,3
HKPU081,14,14,3
HKPB211,14,15,3
MKPB020,14,16,3
HKPB212,14,17,3
MKPB019,14,18,3
HKPB213,14,19,3
MKPB024,14,20,3
HKPB214,14,21,3
MKPB028,14,22,3
HKPB215,14,23,3
MKPU065,14,24,3
Kp069,15,1,3
334,15,2,3
Kp071,15,3,3
MKPB251,15,4,3
Kp072,15,5,3
342,15,6,3
Kp073,15,7,3
MKPU257,15,8,3
Kp076,15,9,3
357,15,10,3
Kp077,15,11,3
358,15,12,3
Kp079,15,13,3
360,15,14,3
Kp080,15,15,3
368,15,16,3
Kp081,15,17,3
369,15,18,3
Kp083,15,19,3
373,15,20,3
MKP103,15,21,3
374,15,22,3
170,15,23,3
375,15,24,3
HKPB216,16,1,3
MKPB006,16,2,3
HKPB217,16,3,3
MKPR265,16,4,3
HKPB218,16,5,3
MKPB014,16,6,3
HKPB219,16,7,3
MKPB017,16,8,3
HKPB220,16,9,3
MKPB016,16,10,3
HKPB221,16,11,3
HKPU107,16,12,3
HKPB222,16,13,3
MKPR026,16,14,3
HKPB300,16,15,3
MKPR029,16,16,3
HKPB301,16,17,3
MKPR031,16,18,3
HKPB303,16,19,3
MKPR033,16,20,3
HKPB304,16,21,3
MKPU005,16,22,3
HKPU111,16,23,3
MKPU006,16,24,3
Kp088,1,1,4
HKPR011,1,2,4
Kp089,1,3,4
377,1,4,4
Kp091,1,5,4
382,1,6,4
Kp093,1,7,4
385,1,8,4
Kp095,1,9,4
387,1,10,4
Kp097,1,11,4
388,1,12,4
Kp099,1,13,4
389,1,14,4
Kp011,1,15,4
397,1,16,4
Kp021,1,17,4
398,1,18,4
Kp031,1,19,4
400,1,20,4
Kp043,1,21,4
402,1,22,4
Kp078,1,23,4
403,1,24,4
HKPB305,2,1,4
MKP103,2,2,4
HKPB306,2,3,4
MKPU066,2,4,4
HKPB400,2,5,4
RKPB045,2,6,4
JKPB621,2,7,4
JKPB648,2,8,4
HKPB402,2,9,4
JKPB651,2,10,4
HKPB403,2,11,4
JKPB653,2,12,4
RKPR137,2,13,4
JKPB655,2,14,4
HKPB405,2,15,4
JKPB670,2,16,4
HKPB406,2,17,4
JKPB671,2,18,4
HKPB407,2,19,4
JKPB514,2,20,4
HKPB408,2,21,4
JKPB672,2,22,4
HKPB409,2,23,4
MKP103,2,24,4
Kp003,3,1,4
405,3,2,4
Kp023,3,3,4
406,3,4,4
Kp040,3,5,4
407,3,6,4
Kp01_s,3,7,4
409,3,8,4
Kp02_s,3,9,4
411,3,10,4
Kp03_s,3,11,4
412,3,12,4
MKPU077,3,13,4
413,3,14,4
Kp05_s,3,15,4
414,3,16,4
Kp07_s,3,17,4
415,3,18,4
Kp08_s,3,19,4
417,3,20,4
Kp09_s,3,21,4
419,3,22,4
Kp10_s,3,23,4
420,3,24,4
HKPB410,4,1,4
JKPB676,4,2,4
HKPB411,4,3,4
JKPB677,4,4,4
HKPB412,4,5,4
JKPB679,4,6,4
HKPB413,4,7,4
JKPB680,4,8,4
HKPB414,4,9,4
JKPB683,4,10,4
HKPB500,4,11,4
JKPB685,4,12,4
HKPB501,4,13,4
JKPB686,4,14,4
RKPR138,4,15,4
MKPR004,4,16,4
HKPB503,4,17,4
MKPR023,4,18,4
HKPB504,4,19,4
MKPR032,4,20,4
HKPB505,4,21,4
MKPU011,4,22,4
HKPB506,4,23,4
MKPU015,4,24,4
Kp11_s,5,1,4
422,5,2,4
Kp12_s,5,3,4
423,5,4,4
Kp13_s,5,5,4
424,5,6,4
Kp14_s,5,7,4
MKP103,5,8,4
Kp15_s,5,9,4
426,5,10,4
Kp16_s,5,11,4
427,5,12,4
Kp19_s,5,13,4
428,5,14,4
Kp20_s,5,15,4
430,5,16,4
Kp21_s,5,17,4
431,5,18,4
Kp22_s,5,19,4
432,5,20,4
Kp23_s,5,21,4
435,5,22,4
Kp24_s,5,23,4
436,5,24,4
HKPB507,6,1,4
MKPU016,6,2,4
HKPB508,6,3,4
MKPU023,6,4,4
HKPB509,6,5,4
MKPU025,6,6,4
HKPB510,6,7,4
MKPU075,6,8,4
HKPB511,6,9,4
MKPU099,6,10,4
HKPB512,6,11,4
MKPU112,6,12,4
HKPB513,6,13,4
MKPU116,6,14,4
HKPB514,6,15,4
RKPB295,6,16,4
HKPB516,6,17,4
MKPU121,6,18,4
HKPB517,6,19,4
MKPU200,6,20,4
HKPB518,6,21,4
MKP103,6,22,4
HKPB519,6,23,4
JKPB673,6,24,4
Kp25_s,7,1,4
437,7,2,4
Kp26_s,7,3,4
438,7,4,4
Kp27_s,7,5,4
439,7,6,4
Kp28_s,7,7,4
453,7,8,4
Kp29_s,7,9,4
455,7,10,4
Kp30_s,7,11,4
457,7,12,4
Kp32_s,7,13,4
458,7,14,4
99A,7,15,4
462,7,16,4
99B,7,17,4
465,7,18,4
95A,7,19,4
466,7,20,4
48B,7,21,4
MKP103,7,22,4
48A,7,23,4
JKPB640,7,24,4
HKPB520,8,1,4
RKPB807,8,2,4
Mkp103,8,3,4
MKPU205,8,4,4
HKPB052,8,5,4
MKPU206,8,6,4
HKPB007,8,7,4
MKPU208,8,8,4
HKPB010,8,9,4
MKPU209,8,10,4
HKPB055,8,11,4
MKPB013,8,12,4
HKPB059,8,13,4
MKPU210,8,14,4
HKPB011,8,15,4
MKPR214,8,16,4
HKPB058,8,17,4
MKPB023,8,18,4
HKPB056,8,19,4
MKPB002,8,20,4
HKPB017,8,21,4
MKPR220,8,22,4
HKPB057,8,23,4
DKPB009,8,24,4
41C,9,1,4
RKPU108,9,2,4
41B,9,3,4
440-S,9,4,4
36A,9,5,4
442-S,9,6,4
36B,9,7,4
446-S,9,8,4
31B,9,9,4
447-S,9,10,4
30+,9,11,4
448-S,9,12,4
29B,9,13,4
450-S,9,14,4
29A,9,15,4
MKPU087,9,16,4
26C,9,17,4
418,9,18,4
26B,9,19,4
433,9,20,4
20++,9,21,4
434,9,22,4
16A,9,23,4
464,9,24,4
MKPU144,10,1,4
HKPU101,10,2,4
MKPU146,10,3,4
DKPU040,10,4,4
RKPB535,10,5,4
MKPB039,10,6,4
RKPR001,10,7,4
MKPR270,10,8,4
RKPR002,10,9,4
DKPU071,10,10,4
RKPR003,10,11,4
MKPU274,10,12,4
RKPR004,10,13,4
MKP103,10,14,4
RKPR006,10,15,4
MKPU093,10,16,4
RKPR139,10,17,4
MKPU095,10,18,4
RKPR010,10,19,4
HKPB001,10,20,4
RKPR011,10,21,4
HKPB002,10,22,4
RKPR015,10,23,4
HKPB003,10,24,4
54,11,1,4
MKPU259,11,2,4
53,11,3,4
MKPR261,11,4,4
MKPU074,11,5,4
470,11,6,4
30,11,7,4
472,11,8,4
DKPR001,11,9,4
451-S,11,10,4
17,11,11,4
401,11,12,4
15,11,13,4
408,11,14,4
5,11,15,4
381,11,16,4
HKPB07,11,17,4
386,11,18,4
113A,11,19,4
392,11,20,4
112C,11,21,4
394,11,22,4
112B,11,23,4
315,11,24,4
RKPR016,12,1,4
HKPB004,12,2,4
RKPR017,12,3,4
HKPB005,12,4,4
RKPR018,12,5,4
HKPB013,12,6,4
RKPR019,12,7,4
HKPB016,12,8,4
RKPR020,12,9,4
DKPU095,12,10,4
RKPR024,12,11,4
HKPB053,12,12,4
RKPR025,12,13,4
RKPB003,12,14,4
RKPR026,12,15,4
RKPB026,12,16,4
RKPR027,12,17,4
RKPB031,12,18,4
RKPR029,12,19,4
RKPU083,12,20,4
RKPR030,12,21,4
RKPB077,12,22,4
RKPR032,12,23,4
RKPB133,12,24,4
112A,13,1,4
HKPR004,13,2,4
105K,13,3,4
29C,13,4,4
105J,13,5,4
41D,13,6,4
105I,13,7,4
421,13,8,4
105H,13,9,4
55,13,10,4
105G,13,11,4
RKPU119,13,12,4
105F,13,13,4
MKPR001,13,14,4
105D,13,15,4
DKPU113,13,16,4
105C,13,17,4
HKPR002,13,18,4
105B,13,19,4
HKPR003,13,20,4
105A,13,21,4
HKPR005,13,22,4
RKPU009,13,23,4
HKPR008,13,24,4
RKPR034,14,1,4
RKPB169,14,2,4
RKPR035,14,3,4
DKPU107,14,4,4
RKPR036,14,5,4
RKPB227,14,6,4
RKPR037,14,7,4
RKPB228,14,8,4
RKPR038,14,9,4
RKPB229,14,10,4
RKPR039,14,11,4
RKPB230,14,12,4
RKPR140,14,13,4
JKPB647,14,14,4
RKPR040,14,15,4
RKPB285,14,16,4
RKPR041,14,17,4
RKPB288,14,18,4
RKPR043,14,19,4
RKPB289,14,20,4
RKPR047,14,21,4
RKPB291,14,22,4
RKPR048,14,23,4
RKPB294,14,24,4
199,15,1,4
HKPR009,15,2,4
197,15,3,4
HKPR014,15,4,4
196,15,5,4
RKPU142,15,6,4
191,15,7,4
HKPR030,15,8,4
184,15,9,4
HKPR032,15,10,4
171,15,11,4
HKPU014,15,12,4
DKPU066,15,13,4
HKPU028,15,14,4
169,15,15,4
HKPU040,15,16,4
166,15,17,4
HKPU083,15,18,4
164,15,19,4
HKPU087,15,20,4
163,15,21,4
MKPU048,15,22,4
159,15,23,4
MKPU261,15,24,4
RKPR049,16,1,4
HKPU091,16,2,4
RKPR050,16,3,4
MKPB027,16,4,4
RKPR051,16,5,4
RKPB302,16,6,4
RKPR052,16,7,4
MKPU069,16,8,4
RKPR054,16,9,4
RKPB418,16,10,4
RKPR055,16,11,4
MKPB034,16,12,4
RKPR056,16,13,4
MKPU094,16,14,4
MKP103,16,15,4
MKPB022,16,16,4
RKPR058,16,17,4
MKPB036,16,18,4
RKPR059,16,19,4
MKPB003,16,20,4
RKPR060,16,21,4
MKPB025,16,22,4
RKPR061,16,23,4
MKPB007,16,24,4
